{"schemaVersion":"1.0","appDefinitionTemplate":{"id":"/providers/Microsoft.PowerApps/apps/","type":"Microsoft.PowerApps/apps","tags":{"primaryDeviceWidth":"1366","primaryDeviceHeight":"768","supportsPortrait":"true","supportsLandscape":"true","primaryFormFactor":"Tablet","showStatusBar":"false","publisherVersion":"3.24092.17","minimumRequiredApiVersion":"2.2.0","hasComponent":"false","hasUnlockedComponent":"false","isUnifiedRootApp":"false","sienaVersion":"20241001T032327Z-3.24092.17.0"},"properties":{"appVersion":"2024-10-01T03:23:27Z","lifeCycleId":"Published","createdByClientVersion":{"major":3,"minor":24092,"build":17,"revision":0,"majorRevision":0,"minorRevision":0},"minClientVersion":{"major":3,"minor":24092,"build":17,"revision":0,"majorRevision":0,"minorRevision":0},"backgroundColor":"rgba(0, 207, 172, 1)","backgroundImageUri":"/9017401782371157463/N58a39770-4451-42e8-b45d-16f750b3b4a5-logoSmallFile","displayName":"Horizontal","description":"","commitMessage":"","appUris":{"documentUri":{"value":"/9017401782371157463/N00467758-77a7-4f4e-a257-fd207fa5b215-document.msapp"},"imageUris":[],"additionalUris":[{"isSolutionAware":false,"value":"/9017401782371157463/Nf669ec22-2bb3-4437-bba7-5f7845b58a98-identity.json"}]},"createdTime":"0001-01-01T00:00:00Z","lastModifiedTime":"0001-01-01T00:00:00Z","sharedGroupsCount":0,"sharedUsersCount":0,"connectionReferences":{},"databaseReferences":{},"almMode":"Solution","performanceOptimizationEnabled":false,"canConsumeAppPass":false,"enableModernRuntimeMode":false,"executionRestrictions":{"isTeamsOnly":false,"dataLossPreventionEvaluationResult":{"status":"Compliant","lastEvaluationDate":"2024-09-30T09:06:16.6104256Z","violations":[],"violationsByPolicy":[],"violationErrorMessage":"このアプリでは、次のコネクタが使用されます: 。"}}},"appType":"ClassicCanvasApp","appComponents":[]}}